<code_scheme name="Default" version="173">
  <option name="AUTODETECT_INDENTS" value="false" />
  <option name="OTHER_INDENT_OPTIONS">
    <value>
      <option name="INDENT_SIZE" value="3" />
      <option name="TAB_SIZE" value="3" />
      <option name="USE_TAB_CHARACTER" value="true" />
    </value>
  </option>
  <option name="RIGHT_MARGIN" value="140" />
  <JavaCodeStyleSettings>
    <option name="CLASS_COUNT_TO_USE_IMPORT_ON_DEMAND" value="105" />
    <option name="NAMES_COUNT_TO_USE_IMPORT_ON_DEMAND" value="103" />
    <option name="PACKAGES_TO_USE_IMPORT_ON_DEMAND">
      <value />
    </option>
  </JavaCodeStyleSettings>
  <JetCodeStyleSettings>
    <option name="PACKAGES_TO_USE_STAR_IMPORTS">
      <value>
        <package name="java.util" alias="false" withSubpackages="false" />
        <package name="kotlinx.android.synthetic" alias="false" withSubpackages="true" />
        <package name="io.ktor" alias="false" withSubpackages="true" />
      </value>
    </option>
    <option name="PACKAGES_IMPORT_LAYOUT">
      <value>
        <package name="" alias="false" withSubpackages="true" />
        <package name="java" alias="false" withSubpackages="true" />
        <package name="javax" alias="false" withSubpackages="true" />
        <package name="kotlin" alias="false" withSubpackages="true" />
        <package name="" alias="true" withSubpackages="true" />
      </value>
    </option>
    <option name="SPACE_BEFORE_EXTEND_COLON" value="false" />
    <option name="SPACE_BEFORE_WHEN_PARENTHESES" value="false" />
    <option name="NAME_COUNT_TO_USE_STAR_IMPORT" value="100" />
    <option name="NAME_COUNT_TO_USE_STAR_IMPORT_FOR_MEMBERS" value="100" />
  </JetCodeStyleSettings>
  <Properties>
    <option name="SPACES_AROUND_KEY_VALUE_DELIMITER" value="true" />
    <option name="KEEP_BLANK_LINES" value="true" />
  </Properties>
  <codeStyleSettings language="ECMA Script Level 4">
    <indentOptions>
      <option name="INDENT_SIZE" value="3" />
      <option name="CONTINUATION_INDENT_SIZE" value="3" />
      <option name="TAB_SIZE" value="3" />
      <option name="USE_TAB_CHARACTER" value="true" />
    </indentOptions>
  </codeStyleSettings>
  <codeStyleSettings language="JAVA">
    <option name="KEEP_LINE_BREAKS" value="false" />
    <option name="KEEP_FIRST_COLUMN_COMMENT" value="false" />
    <option name="KEEP_CONTROL_STATEMENT_IN_ONE_LINE" value="false" />
    <option name="BLANK_LINES_AFTER_IMPORTS" value="2" />
    <option name="ELSE_ON_NEW_LINE" value="true" />
    <option name="WHILE_ON_NEW_LINE" value="true" />
    <option name="CATCH_ON_NEW_LINE" value="true" />
    <option name="FINALLY_ON_NEW_LINE" value="true" />
    <option name="ALIGN_MULTILINE_PARAMETERS" value="false" />
    <option name="SPACE_AROUND_UNARY_OPERATOR" value="true" />
    <option name="SPACE_AFTER_TYPE_CAST" value="false" />
    <option name="SPACE_BEFORE_IF_PARENTHESES" value="false" />
    <option name="SPACE_BEFORE_WHILE_PARENTHESES" value="false" />
    <option name="SPACE_BEFORE_FOR_PARENTHESES" value="false" />
    <option name="SPACE_BEFORE_TRY_PARENTHESES" value="false" />
    <option name="SPACE_BEFORE_CATCH_PARENTHESES" value="false" />
    <option name="SPACE_BEFORE_SWITCH_PARENTHESES" value="false" />
    <option name="SPACE_BEFORE_SYNCHRONIZED_PARENTHESES" value="false" />
    <option name="SPACE_BEFORE_CLASS_LBRACE" value="false" />
    <option name="SPACE_BEFORE_METHOD_LBRACE" value="false" />
    <option name="SPACE_BEFORE_IF_LBRACE" value="false" />
    <option name="SPACE_BEFORE_ELSE_LBRACE" value="false" />
    <option name="SPACE_BEFORE_WHILE_LBRACE" value="false" />
    <option name="SPACE_BEFORE_FOR_LBRACE" value="false" />
    <option name="SPACE_BEFORE_DO_LBRACE" value="false" />
    <option name="SPACE_BEFORE_SWITCH_LBRACE" value="false" />
    <option name="SPACE_BEFORE_TRY_LBRACE" value="false" />
    <option name="SPACE_BEFORE_CATCH_LBRACE" value="false" />
    <option name="SPACE_BEFORE_FINALLY_LBRACE" value="false" />
    <option name="SPACE_BEFORE_SYNCHRONIZED_LBRACE" value="false" />
    <option name="SPACE_BEFORE_ELSE_KEYWORD" value="false" />
    <option name="SPACE_BEFORE_WHILE_KEYWORD" value="false" />
    <option name="SPACE_BEFORE_CATCH_KEYWORD" value="false" />
    <option name="SPACE_BEFORE_FINALLY_KEYWORD" value="false" />
    <option name="SPACE_BEFORE_QUEST" value="false" />
    <option name="SPACE_BEFORE_COLON" value="false" />
    <indentOptions>
      <option name="INDENT_SIZE" value="3" />
      <option name="CONTINUATION_INDENT_SIZE" value="3" />
      <option name="TAB_SIZE" value="3" />
      <option name="USE_TAB_CHARACTER" value="true" />
    </indentOptions>
  </codeStyleSettings>
  <codeStyleSettings language="JSON">
    <indentOptions>
      <option name="INDENT_SIZE" value="3" />
      <option name="CONTINUATION_INDENT_SIZE" value="3" />
      <option name="TAB_SIZE" value="3" />
      <option name="USE_TAB_CHARACTER" value="true" />
    </indentOptions>
  </codeStyleSettings>
  <codeStyleSettings language="JavaScript">
    <indentOptions>
      <option name="INDENT_SIZE" value="3" />
      <option name="CONTINUATION_INDENT_SIZE" value="3" />
      <option name="TAB_SIZE" value="3" />
      <option name="USE_TAB_CHARACTER" value="true" />
    </indentOptions>
  </codeStyleSettings>
  <codeStyleSettings language="TypeScript">
    <indentOptions>
      <option name="INDENT_SIZE" value="3" />
      <option name="CONTINUATION_INDENT_SIZE" value="3" />
      <option name="TAB_SIZE" value="3" />
      <option name="USE_TAB_CHARACTER" value="true" />
    </indentOptions>
  </codeStyleSettings>
  <codeStyleSettings language="XML">
    <indentOptions>
      <option name="INDENT_SIZE" value="3" />
      <option name="CONTINUATION_INDENT_SIZE" value="6" />
      <option name="TAB_SIZE" value="3" />
      <option name="USE_TAB_CHARACTER" value="true" />
    </indentOptions>
  </codeStyleSettings>
  <codeStyleSettings language="kotlin">
    <option name="KEEP_LINE_BREAKS" value="false" />
    <option name="KEEP_FIRST_COLUMN_COMMENT" value="false" />
    <option name="KEEP_BLANK_LINES_IN_CODE" value="1" />
    <option name="BLANK_LINES_AFTER_CLASS_HEADER" value="1" />
    <option name="SPACE_BEFORE_IF_PARENTHESES" value="false" />
    <option name="SPACE_BEFORE_WHILE_PARENTHESES" value="false" />
    <option name="SPACE_BEFORE_FOR_PARENTHESES" value="false" />
    <option name="SPACE_BEFORE_CATCH_PARENTHESES" value="false" />
    <indentOptions>
      <option name="INDENT_SIZE" value="3" />
      <option name="CONTINUATION_INDENT_SIZE" value="3" />
      <option name="TAB_SIZE" value="3" />
      <option name="USE_TAB_CHARACTER" value="true" />
    </indentOptions>
  </codeStyleSettings>
</code_scheme>