<application>
  <component name="FileTypeManager" version="18">
    <ignoreFiles list="*.pyc;*.pyo;*.rbc;*.yarb;*~;.*;CVS;__pycache__;_svn;vssver.scc;vssver2.scc" />
    <extensionMap>
      <mapping pattern="system-module" type="AUTO_DETECTED" />
      <mapping pattern="sheet1" type="AUTO_DETECTED" />
      <mapping pattern="yeast-module" type="AUTO_DETECTED" />
      <mapping pattern="Main" type="JAVA" />
      <mapping ext="main.kts" type="Kotlin" />
      <mapping ext="bnf" type="PLAIN_TEXT" />
      <mapping ext="config" type="PLAIN_TEXT" />
      <mapping ext="ged" type="PLAIN_TEXT" />
      <mapping ext="gedg" type="PLAIN_TEXT" />
      <mapping ext="dict" type="PLAIN_TEXT" />
      <mapping ext="info" type="PLAIN_TEXT" />
      <removed_mapping ext="bat" approved="true" type="PLAIN_TEXT" />
      <removed_mapping ext="cmd" approved="true" type="PLAIN_TEXT" />
      <removed_mapping ext="dockerfile" approved="true" type="textmate" />
      <removed_mapping ext="log" approved="true" type="PLAIN_TEXT" />
      <removed_mapping ext="makefile" approved="true" type="textmate" />
      <removed_mapping ext="snakefile" approved="true" type="textmate" />
    </extensionMap>
  </component>
</application>